"id","name","code"
"soriana_cedis_code_01","DIRECTO A TIENDA",1
"soriana_cedis_code_02","5509 CEDIS MEXICO",2
"soriana_cedis_code_03","5598 CEDIS SALINAS",3
"soriana_cedis_code_04","5572 CAD MEXICO",4
"soriana_cedis_code_05","5578 CEDIS QUERETARO",5
"soriana_cedis_code_06","5571 CAD MONTERREY",6
"soriana_cedis_code_07","5520 CDS SALINAS CITY CLUB",9
"soriana_cedis_code_08","5523 CDS QUERETARO CITY CLUB",10
"soriana_cedis_code_09","5524 CDS SALINAS VICTORIA SUPER CITY",59
"soriana_cedis_code_10","5583 PERECEDEROS",11
"soriana_cedis_code_11","5530 CEDIS PERECEDEROS MONTERREY",12
"soriana_cedis_code_12","5521 CEDIS PERECEDEROS VILLAHERMOSA",13
"soriana_cedis_code_13","5561 CEDIS LAREDO",14
"soriana_cedis_code_14","5562 CEDIS JUAREZ",15
"soriana_cedis_code_15","5568 CEDIS LA PAZ",16
"soriana_cedis_code_16","5526 CEDIS NOGALES",17
"soriana_cedis_code_17","5560 CEDIS ARMADO DE DEDSPENSAS",18
"soriana_cedis_code_18","5531 CEDIS PERECEDEROS SIP MEXICO",19
"soriana_cedis_code_19","5532 CEDIS PERECEDEROS SIP HERMOSILLO",20
"soriana_cedis_code_20","5533 CEDIS PERECEDEROS CHIHUAHUA",21
"soriana_cedis_code_21","5527 MAQUILAS Y DETALLISTAS",22
"soriana_cedis_code_22","5528 CONFECCIONES Y MAQUILAS H.M",23
"soriana_cedis_code_23","5513 CD TULTITLAN",24
"soriana_cedis_code_24","5514 CDAF TULTITLAN",25
"soriana_cedis_code_25","5516 ALMACEN SECOS GUADALAJARA",26
"soriana_cedis_code_26","5517 CDAF TIJUANA",27
"soriana_cedis_code_27","5519 CD TIJUANA",28
"soriana_cedis_code_28","5539 CENTRO DISTRIBUCION SUPERMAZ",29
"soriana_cedis_code_29","5540 PROCESADORA MERIDA",30
"soriana_cedis_code_30","5525 FRIGO TIJUANA",31
"soriana_cedis_code_31","5559 CEDIS VIRTUAL TIJUANA",32
"soriana_cedis_code_32","5534 PP CARNES MONTERREY",33
"soriana_cedis_code_33","5549 ALMACEN CENTRAL F. U GOMEZ",34
"soriana_cedis_code_34","5548 ALMACEN CENTRALTULTITLAN",35
"soriana_cedis_code_35","5556 ALMACEN CENTRAL TIJUANA",36
"soriana_cedis_code_36","5557 ALMACEN CENTRALGUADALAJARA",37
"soriana_cedis_code_37","5554 CDS SALINAS VICTORIA",38
"soriana_cedis_code_38","5582 ALMACEN CENTRAL SECOS QUERETARO",39
"soriana_cedis_code_39","5558 CEDIS PERECEDEROS GUADALAJARA",40
"soriana_cedis_code_40","5542 CEDIS MEXICO CITY CLUB TULTITLAN",41
"soriana_cedis_code_41","5545 CEDIS ARMADO DE DESPENSAS CUAUTITLAN",42
"soriana_cedis_code_42","5612 CEDIS DESPENSAS",43
"soriana_cedis_code_43","5613 CDS GUADALAJARA CITY CLUB",44
"soriana_cedis_code_44","5614 CDS CUAUTITLAN",45
"soriana_cedis_code_45","5670 CEDIS TIJUANA",46
"soriana_cedis_code_46","5680 CEDIS VILLAHERMOSA CENTROS",47
"soriana_cedis_code_47","5681 ALMACEN CENTRAL VILLAHERMOSA",48
"soriana_cedis_code_48","1598 NSAMBLE FARMACIA CEDIS",49
"soriana_cedis_code_49","5682 CITY CLUB VILLAHERMOSA",50
"soriana_cedis_code_50","5504 CDN NSAMBLE",51
"soriana_cedis_code_51","5687Centro de Distribución Frescos Salinas Victoria",52
"soriana_cedis_code_52","CDF SALINAS LAB TOTOL",53
"soriana_cedis_code_53","5508 Cedis CDP TULTITLAN FRESCOS",54
"soriana_cedis_code_54","5506 CEDIS SALINAS FRESCOS REVERSE",55
"soriana_cedis_code_55","5510 CEDIS FRESCO",56
"soriana_cedis_code_56","5522 CDP TULTITLAN FRESCOS REVERSE",57
"soriana_cedis_code_57","5537 CEDIS ALMACEN CENTRAL QUERETARO",58
