id,name,model_id:id,group_id:id,perm_read,perm_write,perm_create,perm_unlink
access_cfdi_document_user,cfdi.document user,model_l10n_mx_cfdi_document,group_cfdi_compliance_user,1,1,1,0
access_cfdi_document_manager,cfdi.document manager,model_l10n_mx_cfdi_document,group_cfdi_compliance_manager,1,1,1,1
access_cfdi_document_auditor,cfdi.document auditor,model_l10n_mx_cfdi_document,group_cfdi_compliance_auditor,1,0,0,0
access_compliance_profile_user,compliance.profile user,model_l10n_mx_compliance_profile,group_cfdi_compliance_user,1,0,0,0
access_compliance_profile_manager,compliance.profile manager,model_l10n_mx_compliance_profile,group_cfdi_compliance_manager,1,1,1,1
access_compliance_rule_user,compliance.rule user,model_l10n_mx_compliance_rule,group_cfdi_compliance_user,1,0,0,0
access_compliance_rule_manager,compliance.rule manager,model_l10n_mx_compliance_rule,group_cfdi_compliance_manager,1,1,1,0
access_compliance_rule_config_user,compliance.rule.config user,model_l10n_mx_compliance_rule_config,group_cfdi_compliance_user,1,0,0,0
access_compliance_rule_config_manager,compliance.rule.config manager,model_l10n_mx_compliance_rule_config,group_cfdi_compliance_manager,1,1,1,1
access_compliance_result_user,compliance.result user,model_l10n_mx_compliance_result,group_cfdi_compliance_user,1,1,1,0
access_compliance_result_manager,compliance.result manager,model_l10n_mx_compliance_result,group_cfdi_compliance_manager,1,1,1,1
access_compliance_result_auditor,compliance.result auditor,model_l10n_mx_compliance_result,group_cfdi_compliance_auditor,1,0,0,0
access_audit_log_user,audit.log user,model_l10n_mx_compliance_audit_log,group_cfdi_compliance_user,1,0,0,0
access_audit_log_manager,audit.log manager,model_l10n_mx_compliance_audit_log,group_cfdi_compliance_manager,1,0,1,0
access_audit_log_auditor,audit.log auditor,model_l10n_mx_compliance_audit_log,group_cfdi_compliance_auditor,1,0,0,0
access_coordinado_relation_user,coordinado.relation user,model_l10n_mx_cfdi_coordinado_relation,group_cfdi_compliance_user,1,0,0,0
access_coordinado_relation_manager,coordinado.relation manager,model_l10n_mx_cfdi_coordinado_relation,group_cfdi_compliance_manager,1,1,1,1
access_override_wizard,cfdi.override.wizard,model_l10n_mx_cfdi_override_wizard,group_cfdi_compliance_authorizer,1,1,1,1
access_reprocess_wizard,cfdi.reprocess.wizard,model_l10n_mx_cfdi_reprocess_wizard,group_cfdi_compliance_user,1,1,1,1
access_import_wizard,cfdi.import.wizard,model_l10n_mx_cfdi_import_wizard,group_cfdi_compliance_user,1,1,1,1
access_import_wizard_line,cfdi.import.wizard.line,model_l10n_mx_cfdi_import_wizard_line,group_cfdi_compliance_user,1,1,1,1
access_cfdi_pipeline_job_user,cfdi.pipeline.job user,model_l10n_mx_cfdi_pipeline_job,group_cfdi_compliance_user,1,0,0,0
access_cfdi_pipeline_job_manager,cfdi.pipeline.job manager,model_l10n_mx_cfdi_pipeline_job,group_cfdi_compliance_manager,1,1,1,1
